TDSFU Daily run: Mon Oct 27 06:10:51 UTC 2025 TDSFU
TDSFU Daily run: Tue Oct 28 04:35:12 UTC 2025 TDSFU
TDSFU Daily run: Wed Oct 29 04:40:04 UTC 2025 TDSFU
TDSFU Daily run: Thu Oct 30 04:34:43 UTC 2025 TDSFU
TDSFU Daily run: Fri Oct 31 04:36:04 UTC 2025 TDSFU
TDSFU Daily run: Sat Nov  1 04:32:08 UTC 2025 TDSFU
TDSFU Daily run: Sun Nov  2 04:34:47 UTC 2025 TDSFU
TDSFU Daily run: Mon Nov  3 04:40:33 UTC 2025 TDSFU
TDSFU Daily run: Tue Nov  4 04:34:47 UTC 2025 TDSFU
TDSFU Daily run: Wed Nov  5 04:35:29 UTC 2025 TDSFU
TDSFU Daily run: Thu Nov  6 04:40:12 UTC 2025 TDSFU
